大業界,小業界
IT,Webアプリ・サービス運営
IT,システム開発
IT,デジタル系コンテンツ
IT,ITインフラストラクチャー
IT,ソフトウェア商社
IT,クラウド系・Fintech
IT,情報セキュリティ
IT,eコマース
IT,総合系eコマース
ゲーム,ゲーム開発
ゲーム,ソーシャルゲーム・SNS
ゲーム,ゲーム・アニメデザイン
マスコミ,書籍出版
マスコミ,新聞
マスコミ,テレビ番組
マスコミ,雑誌出版
マスコミ,ラジオ制作
マスコミ,放送局
化学,樹脂製品製造
化学,肥料・農薬製造
化学,塗料製造
化学,化学品製造
化学,接着剤製造
教育,IT系教育
教育,塾・予備校
教育,教材
教育,児童保育
教育,資格取得
教育,語学学習
教育,学校
広告,看板
広告,インターネット広告代理店
広告,広告代理店
広告,紙媒体印刷
小売・販売,eコマース
小売・販売,家具販売
小売・販売,小売店舗
小売・販売,リサイクルショップ
小売・販売,パソコン・スマホ機器販売
小売・販売,医薬品販売
小売・販売,携帯・通信回線販売代理店
小売・販売,雑貨販売
小売・販売,ガソリンスタンド
小売・販売,スポーツ用品販売
小売・販売,化粧品販売
小売・販売,中古車販売
小売・販売,食品店
小売・販売,レディースアパレル販売
小売・販売,花屋
小売・販売,動物・ペット
小売・販売,キッズアパレルショップ
小売・販売,新車販売
小売・販売,輸入雑貨販売
小売・販売,美容グッズ販売
小売・販売,メンズアパレル
小売・販売,ジュエリーショップ
小売・販売,自動車部品販売
小売・販売,お土産・ギフト
小売・販売,書籍・メディア販売
小売・販売,乳製品宅配
小売・販売,スーパー
小売・販売,スポーツ用品
生活用品,お土産・ギフト
生活用品,眼鏡・コンタクトレンズ製造
生活用品,雑貨製造
生活用品,玩具
生活用品,美術品・工芸品
生活用品,オフィス用品
生活用品,トイレタリー
生活用品,家具製造
生活用品,日用品製造
生活用品,ベビー用品製造
生活用品,仏具
生活用品,文房具
生活用品,店舗家具
生活用品,タバコ
電気製品,家電
電気製品,照明器具
電気製品,音響・映像機器
エネルギー,再生可能エネルギー
エネルギー,ガス・燃料製品・採掘
コンサル,資産運用コンサル
コンサル,経営コンサル
コンサル,財務コンサル
コンサル,Webマーケコンサル
コンサル,組織コンサル
コンサル,販促コンサル
コンサル,不動産コンサル
コンサル,土木コンサル
コンサル,製造業コンサル
コンサル,医療コンサル
コンサル,広告運用コンサル
コンサル,コスト削減コンサル
コンサル,起業コンサル
コンサル,飲食コンサル
コンサル,総合系コンサル
医療・製薬・福祉,高齢者福祉
医療・製薬・福祉,障害者福祉
医療・製薬・福祉,製薬
医療・製薬・福祉,調剤薬局
医療・製薬・福祉,児童福祉
医療・製薬・福祉,医療施設
医療・製薬・福祉,高齢者住宅
医療・製薬・福祉,医療機器
医療・製薬・福祉,介護用品
外食,カフェ
外食,寿司
外食,中食
外食,焼肉・ステーキ
外食,和食
外食,居酒屋・飲み屋
外食,中華・ラーメン
外食,洋食・レストラン
外食,給食
外食,ファーストフード
外食,うどん・そば
金融,保険代理店
金融,事業者金融
金融,貸金
金融,投資
金融,ネット証券
金融,保険
金融,クレジット・決済代行
金融,証券
金融,銀行・金庫・組合
車・乗り物,自動車部品製造
車・乗り物,自動車整備
車・乗り物,自動車製造
車・乗り物,二輪車
車・乗り物,レンタカー・リース
車・乗り物,タイヤ製造・ゴム製品製造
車・乗り物,宇宙開発
食品,水産
食品,酒類
食品,健康食品
食品,和菓子
食品,食肉
食品,洋菓子
食品,飲料品製造
食品,漬物・大豆
食品,調味料
食品,菓子類
食品,パン
食品,麺類製造
食品,乳製品
食品,レトルト・冷凍食品・缶詰
食品,コーヒー
食品,米・惣菜製造
食品,製粉・食用油
製造,精密機器
製造,防犯機器
製造,金属加工請負
製造,金属部品製造
製造,パイプ製造
製造,紙類包装製造
製造,電線製造
製造,鉄鋼製造
製造,紙・パルプ製造
製造,プラスチック包装製造
製造,金属製品製造
製造,作業関連用品製造
製造,ガラス製造
製造,繊維製造
製造,ステンレス製品製造
製造,看板
製造,非鉄金属製造
製造,革製造
製造,電池製造
美容・服飾,下着製造
美容・服飾,繊維加工・織布
美容・服飾,エステ
美容・服飾,美容サロン
美容・服飾,スキンケア製品
美容・服飾,靴製造・修理
美容・服飾,ジュエリー・宝石製造
美容・服飾,時計
美容・服飾,レディースアパレルメーカー
美容・服飾,キッズアパレルメーカー
美容・服飾,メンズアパレルメーカー
美容・服飾,化粧品製造
美容・服飾,制服・作業服製造
エンタメ,ホテル・宿泊
エンタメ,ゴルフ
エンタメ,芸能プロダクション・タレント
エンタメ,CM制作・映像制作
エンタメ,マルチメディア・楽器
エンタメ,映画・アニメーション
エンタメ,スポーツ
エンタメ,イベント
エンタメ,パチンコ
エンタメ,ジム・フィットネス
エンタメ,タレント・キャラグッズ
エンタメ,海外旅行・海外留学
エンタメ,国内旅行
エンタメ,動物・ペット
その他サービス,Web制作
その他サービス,デザイン
その他サービス,警備
その他サービス,写真
その他サービス,専門系事務所
その他サービス,研究・調査・リサーチ
その他サービス,ビル清掃・ハウス清掃
その他サービス,廃棄物収集
その他サービス,廃棄物処分
その他サービス,ブライダル
その他サービス,葬儀
その他サービス,翻訳・通訳
その他サービス,オフィス用品レンタル
その他サービス,リサイクル
その他サービス,生活用品レンタル
その他サービス,クリーニング
その他サービス,遺品整理
その他サービス,引越し
その他サービス,ゲーム・アニメデザイン
運送・物流・輸送,一般貨物輸送
運送・物流・輸送,タクシー
運送・物流・輸送,冷凍冷蔵車
運送・物流・輸送,倉庫
運送・物流・輸送,重量物輸送
運送・物流・輸送,バス
運送・物流・輸送,海運
運送・物流・輸送,機械輸送
運送・物流・輸送,引越し
運送・物流・輸送,港湾作業
運送・物流・輸送,空運
運送・物流・輸送,鉄道
機械系,電子部品
機械系,産業用ロボット
機械系,光学機器・レンズ
機械系,エレベーター
機械系,機械設計
機械系,業務厨房機器
機械系,ボイラー
機械系,アミューズメント機器
機械系,食品機械
機械系,電力・発電製造
機械系,機械レンタル
機械系,工具製造
機械系,機械修理
機械系,空調機器
機械系,化学機器
機械系,水処理機械
機械系,工作機器
機械系,半導体
機械系,金型製造
機械系,精密機器
機械系,プラント
機械系,非金属加工機械
機械系,自動販売機
機械系,建設機械
機械系,ポンプ
機械系,漁業・農業機器
機械系,溶接機械
機械系,印刷機械
機械系,試験機
機械系,プラスチック成形機器
機械系,交通機械
建設・工事・土木,家・事業所向け設備
建設・工事・土木,注文住宅建築
建設・工事・土木,住居リフォーム
建設・工事・土木,建設・土木設計
建設・工事・土木,衛生設備工事
建設・工事・土木,木材系建材製造
建設・工事・土木,産業用電気設備工事
建設・工事・土木,とび
建設・工事・土木,造園工事
建設・工事・土木,土木工事
建設・工事・土木,インテリア系デザイン
建設・工事・土木,商業施設・公共施設建設
建設・工事・土木,建造物解体
建設・工事・土木,太陽光パネル
建設・工事・土木,通信設備工事
建設・工事・土木,空調設備工事
建設・工事・土木,マンション建築
建設・工事・土木,事業用リフォーム
建設・工事・土木,交通関連土木工事
建設・工事・土木,プラント設備工事
建設・工事・土木,窯業建材・石材
建設・工事・土木,金属建材
建設・工事・土木,ビル建設
建設・工事・土木,分譲型住宅建築
建設・工事・土木,樹脂系建材製造
建設・工事・土木,ゼネコン
建設・工事・土木,河川工事
建設・工事・土木,燃料タンク
商社,水産物専門商社
商社,日用品・化粧品商社
商社,建材商社
商社,食肉卵商社
商社,農産物食品商社
商社,アパレル商社
商社,水産用機械商社
商社,雑貨商社
商社,総合商社
商社,工業用機械商社
商社,電子部品商社
商社,化学品・医療品商社
商社,医療機器商社
商社,紙・パルプ商社
商社,鉄鋼・金属商社
人材,企業研修
人材,製造・技術人材派遣
人材,業務請負
人材,サービス業人材派遣
人材,toCセミナー業界
人材,事務・作業員派遣
人材,コールセンター
人材,事務処理代行
人材,物流人材派遣
人材,医療・福祉派遣
人材,人材紹介
通信・PC,電話機製造
通信・PC,PC販売・修理
通信・PC,携帯・通信回線販売代理店
通信・PC,スマホ製造・修理
通信・PC,通信回線
通信・PC,PC・スマホ周辺機器製造
通信・PC,PC製造
不動産,マンション賃貸
不動産,マンション売買
不動産,戸建売買
不動産,レンタルスペース
不動産,戸建賃貸
不動産,事業用物件・ビル売買
不動産,土地売買・賃貸
不動産,マンション・ビル管理
不動産,事業用物件・ビル賃貸
不動産,駐車場運営
不動産,不動産賃貸・仲介
不動産,デベロッパー
その他業界,その他業界
