id,code,tsr_group_code,name
"1","0111","011","米作農業"
"2","0112","011","米作以外の穀作農業"
"3","0113","011","野菜作農業（きのこ類の栽培を含む）"
"4","0114","011","果樹作農業"
"5","0115","011","花き作農業"
"6","0116","011","工芸農作物農業"
"7","0117","011","ばれいしょ・かんしょ作農業"
"8","0119","011","その他の耕種農業"
"9","0121","012","酪農業"
"10","0122","012","肉用牛生産業"
"11","0123","012","養豚業"
"12","0124","012","養鶏業"
"13","0125","012","畜産類似業"
"14","0126","012","養蚕農業"
"15","0129","012","その他の畜産農業"
"16","0131","013","穀作サービス業"
"17","0132","013","野菜作・果樹作サービス業"
"18","0133","013","穀作，野菜作・果樹作以外の耕種サービス業"
"19","0134","013","畜産サービス業（獣医業を除く）"
"20","0141","014","園芸サービス業"
"21","0211","021","育林業"
"22","0221","022","素材生産業"
"23","0231","023","製薪炭業"
"24","0239","023","その他の特用林産物生産業（きのこ類の栽培を除く）"
"25","0241","024","育林サービス業"
"26","0242","024","素材生産サービス業"
"27","0243","024","山林種苗生産サービス業"
"28","0249","024","その他の林業サービス業"
"29","0299","029","その他の林業"
"30","0311","031","底びき網漁業"
"31","0312","031","まき網漁業"
"32","0313","031","刺網漁業"
"33","0314","031","釣・はえ縄漁業"
"34","0315","031","定置網漁業"
"35","0316","031","地びき網・船びき網漁業"
"36","0317","031","採貝・採藻業"
"37","0318","031","捕鯨業"
"38","0319","031","その他の海面漁業"
"39","0321","032","内水面漁業"
"40","0411","041","魚類養殖業"
"41","0412","041","貝類養殖業"
"42","0413","041","藻類養殖業"
"43","0414","041","真珠養殖業"
"44","0415","041","種苗養殖業"
"45","0419","041","その他の海面養殖業"
"46","0421","042","内水面養殖業"
"47","0511","051","金・銀鉱業"
"48","0512","051","鉛・亜鉛鉱業"
"49","0513","051","鉄鉱業"
"50","0519","051","その他の金属鉱業"
"51","0521","052","石炭鉱業（石炭選別業を含む）"
"52","0522","052","亜炭鉱業"
"53","0531","053","原油鉱業"
"54","0532","053","天然ガス鉱業"
"55","0541","054","花こう岩・同類似岩石採石業"
"56","0542","054","石英粗面岩・同類似岩石採石業"
"57","0543","054","安山岩・同類似岩石採石業"
"58","0544","054","大理石採石業"
"59","0545","054","ぎょう灰岩採石業"
"60","0546","054","砂岩採石業"
"61","0547","054","粘板岩採石業"
"62","0548","054","砂・砂利・玉石採取業"
"63","0549","054","その他の採石業，砂・砂利・玉石採取業"
"64","0551","055","耐火粘土鉱業"
"65","0552","055","ろう石鉱業"
"66","0553","055","ドロマイト鉱業"
"67","0554","055","長石鉱業"
"68","0555","055","けい石鉱業"
"69","0556","055","天然けい砂鉱業"
"70","0557","055","石灰石鉱業"
"71","0559","055","その他の窯業原料用鉱物鉱業"
"72","0591","059","酸性白土鉱業"
"73","0592","059","ベントナイト鉱業"
"74","0593","059","けいそう土鉱業"
"75","0594","059","滑石鉱業"
"76","0599","059","他に分類されない鉱業"
"77","0611","061","一般土木建築工事業"
"78","0621","062","土木工事業(別掲を除く)"
"79","0622","062","造園工事業"
"80","0623","062","しゅんせつ工事業"
"81","0631","063","舗装工事業"
"82","0641","064","建築工事業(木造建築工事業を除く)"
"83","0651","065","木造建築工事業"
"84","0661","066","建築リフォーム工事業"
"85","0711","071","大工工事業(型枠大工工事業を除く)"
"86","0712","071","型枠大工工事業"
"87","0721","072","とび工事業"
"88","0722","072","土工・コンクリート工事業"
"89","0723","072","特殊コンクリート工事業"
"90","0731","073","鉄骨工事業"
"91","0732","073","鉄筋工事業"
"92","0741","074","石工工事業"
"93","0742","074","れんが工事業"
"94","0743","074","タイル工事業"
"95","0744","074","コンクリートブロック工事業"
"96","0751","075","左官工事業"
"97","0761","076","金属製屋根工事業"
"98","0762","076","板金工事業"
"99","0763","076","建築金物工事業"
"100","0771","077","塗装工事業（道路標示・区画線工事業を除く）"
"101","0772","077","道路標示・区画線工事業"
"102","0781","078","床工事業"
"103","0782","078","内装工事業"
"104","0791","079","ガラス工事業"
"105","0792","079","金属製建具工事業"
"106","0793","079","木製建具工事業"
"107","0794","079","屋根工事業（金属製屋根工事業を除く）"
"108","0795","079","防水工事業"
"109","0796","079","はつり・解体工事業"
"110","0799","079","他に分類されない職別工事業"
"111","0811","081","一般電気工事業"
"112","0812","081","電気配線工事業"
"113","0821","082","電気通信工事業（有線テレビジョン放送設備設置工事業を除く）"
"114","0822","082","有線テレビジョン放送設備設置工事業"
"115","0823","082","信号装置工事業"
"116","0831","083","一般管工事業"
"117","0832","083","冷暖房設備工事業"
"118","0833","083","給排水・衛生設備工事業"
"119","0839","083","その他の管工事業"
"120","0841","084","機械器具設置工事業（昇降設備工事業を除く）"
"121","0842","084","昇降設備工事業"
"122","0891","089","築炉工事業"
"123","0892","089","熱絶縁工事業"
"124","0893","089","道路標識設置工事業"
"125","0894","089","さく井工事業"
"126","0911","091","部分肉・冷凍肉製造業"
"127","0912","091","肉加工品製造業"
"128","0913","091","処理牛乳・乳飲料製造業"
"129","0914","091","乳製品製造業（処理牛乳，乳飲料を除く）"
"130","0919","091","その他の畜産食料品製造業"
"131","0921","092","水産缶詰・瓶詰製造業"
"132","0922","092","海藻加工業"
"133","0923","092","水産練製品製造業"
"134","0924","092","塩干・塩蔵品製造業"
"135","0925","092","冷凍水産物製造業"
"136","0926","092","冷凍水産食品製造業"
"137","0929","092","その他の水産食料品製造業"
"138","0931","093","野菜缶詰・果実缶詰・農産保存食料品製造業（野菜漬物を除く）"
"139","0932","093","野菜漬物製造業（缶詰，瓶詰，つぼ詰を除く）"
"140","0941","094","味そ製造業"
"141","0942","094","しょう油・食用アミノ酸製造業"
"142","0943","094","ソース製造業"
"143","0944","094","食酢製造業"
"144","0949","094","その他の調味料製造業"
"145","0951","095","砂糖製造業（砂糖精製業を除く）"
"146","0952","095","砂糖精製業"
"147","0953","095","ぶどう糖・水あめ・異性化糖製造業"
"148","0961","096","精米・精麦業"
"149","0962","096","小麦粉製造業"
"150","0969","096","その他の精穀・製粉業"
"151","0971","097","パン製造業"
"152","0972","097","生菓子製造業"
"153","0973","097","ビスケット類・干菓子製造業"
"154","0974","097","米菓製造業"
"155","0979","097","その他のパン・菓子製造業"
"156","0981","098","動植物油脂製造業（食用油脂加工業を除く）"
"157","0982","098","食用油脂加工業"
"158","0991","099","でんぷん製造業"
"159","0992","099","めん類製造業"
"160","0993","099","豆腐・油揚製造業"
"161","0994","099","あん類製造業"
"162","0995","099","冷凍調理食品製造業"
"163","0996","099","そう（惣）菜製造業"
"164","0997","099","すし・弁当・調理パン製造業"
"165","0998","099","レトルト食品製造業"
"166","0999","099","他に分類されない食料品製造業"
"167","1011","101","清涼飲料製造業"
"168","1021","102","果実酒製造業"
"169","1022","102","ビール類製造業"
"170","1023","102","清酒製造業"
"171","1024","102","蒸留酒・混成酒製造業"
"172","1031","103","製茶業"
"173","1032","103","コーヒー製造業"
"174","1041","104","製氷業"
"175","1051","105","たばこ製造業（葉たばこ処理業を除く)"
"176","1052","105","葉たばこ処理業"
"177","1061","106","配合飼料製造業"
"178","1062","106","単体飼料製造業"
"179","1063","106","有機質肥料製造業"
"180","1111","111","製糸業"
"181","1112","111","化学繊維製造業"
"182","1113","111","炭素繊維製造業"
"183","1114","111","綿紡績業"
"184","1115","111","化学繊維紡績業"
"185","1116","111","毛紡績業"
"186","1117","111","ねん糸製造業（かさ高加工糸を除く）"
"187","1118","111","かさ高加工糸製造業"
"188","1119","111","その他の紡績業"
"189","1121","112","綿・スフ織物業"
"190","1122","112","絹・人絹織物業"
"191","1123","112","毛織物業"
"192","1124","112","麻織物業"
"193","1125","112","細幅織物業"
"194","1129","112","その他の織物業"
"195","1131","113","丸編ニット生地製造業"
"196","1132","113","たて編ニット生地製造業"
"197","1133","113","横編ニット生地製造業"
"198","1141","114","綿・スフ・麻織物機械染色業"
"199","1142","114","絹・人絹織物機械染色業"
"200","1143","114","毛織物機械染色整理業"
"201","1144","114","織物整理業"
"202","1145","114","織物手加工染色整理業"
"203","1146","114","綿状繊維・糸染色整理業"
"204","1147","114","ニット・レース染色整理業"
"205","1148","114","繊維雑品染色整理業"
"206","1151","115","綱製造業"
"207","1152","115","漁網製造業"
"208","1153","115","網地製造業（漁網を除く）"
"209","1154","115","レース製造業"
"210","1155","115","組ひも製造業"
"211","1156","115","整毛業"
"212","1157","115","フェルト・不織布製造業"
"213","1158","115","上塗りした織物・防水した織物製造業"
"214","1159","115","その他の繊維粗製品製造業"
"215","1161","116","織物製成人男子・少年服製造業（不織布製及びレース製を含む）"
"216","1162","116","織物製成人女子・少女服製造業（不織布製及びレース製を含む）"
"217","1163","116","織物製乳幼児服製造業（不織布製及びレース製を含む）"
"218","1164","116","織物製シャツ製造業（不織布製及びレース製を含み、下着を除く）"
"219","1165","116","織物製事務用・作業用・衛生用・スポーツ用衣服・学校服製造業（不織布製及びレース製を含む）"
"220","1166","116","ニット製外衣製造業（アウターシャツ類，セーター類などを除く）"
"221","1167","116","ニット製アウターシャツ類製造業"
"222","1168","116","セーター類製造業"
"223","1169","116","その他の外衣・シャツ製造業"
"224","1171","117","織物製下着製造業"
"225","1172","117","ニット製下着製造業"
"226","1173","117","織物製・ニット製寝着類製造業"
"227","1174","117","補整着製造業"
"228","1181","118","和装製品製造業（足袋を含む）"
"229","1182","118","ネクタイ製造業"
"230","1183","118","スカーフ・マフラー・ハンカチーフ製造業"
"231","1184","118","靴下製造業"
"232","1185","118","手袋製造業"
"233","1186","118","帽子製造業（帽体を含む）"
"234","1189","118","他に分類されない衣服・繊維製身の回り品製造業"
"235","1191","119","寝具製造業"
"236","1192","119","毛布製造業"
"237","1193","119","じゅうたん・その他の繊維製床敷物製造業"
"238","1194","119","帆布製品製造業"
"239","1195","119","繊維製袋製造業"
"240","1196","119","刺しゅう業"
"241","1197","119","タオル製造業"
"242","1198","119","繊維製衛生材料製造業"
"243","1199","119","他に分類されない繊維製品製造業"
"244","1211","121","一般製材業"
"245","1212","121","単板（ベニヤ）製造業"
"246","1213","121","床板製造業"
"247","1214","121","木材チップ製造業"
"248","1219","121","その他の特殊製材業"
"249","1221","122","造作材製造業（建具を除く）"
"250","1222","122","合板製造業"
"251","1223","122","集成材製造業"
"252","1224","122","建築用木製組立材料製造業"
"253","1225","122","パーティクルボード製造業"
"254","1226","122","繊維板製造業"
"255","1227","122","銘木製造業"
"256","1231","123","竹・とう・きりゅう等容器製造業"
"257","1232","123","木箱製造業"
"258","1233","123","たる・おけ製造業"
"259","1291","129","木材薬品処理業"
"260","1292","129","コルク加工基礎資材・コルク製品製造業"
"261","1299","129","他に分類されない木製品製造業(竹，とうを含む)"
"262","1311","131","木製家具製造業（漆塗りを除く）"
"263","1312","131","金属製家具製造業"
"264","1313","131","マットレス・組スプリング製造業"
"265","1321","132","宗教用具製造業"
"266","1331","133","建具製造業"
"267","1391","139","事務所用・店舗用装備品製造業"
"268","1392","139","窓用・扉用日よけ，日本びょうぶ等製造業"
"269","1393","139","鏡縁・額縁製造業"
"270","1399","139","他に分類されない家具・装備品製造業"
"271","1411","141","パルプ製造業"
"272","1421","142","洋紙製造業"
"273","1422","142","板紙製造業"
"274","1423","142","機械すき和紙製造業"
"275","1424","142","手すき和紙製造業"
"276","1431","143","塗工紙製造業（印刷用紙を除く）"
"277","1432","143","段ボール製造業"
"278","1433","143","壁紙・ふすま紙製造業"
"279","1441","144","事務用・学用紙製品製造業"
"280","1442","144","日用紙製品製造業"
"281","1449","144","その他の紙製品製造業"
"282","1451","145","重包装紙袋製造業"
"283","1452","145","角底紙袋製造業"
"284","1453","145","段ボール箱製造業"
"285","1454","145","紙器製造業"
"286","1499","149","その他のパルプ・紙・紙加工品製造業"
"287","1511","151","オフセット印刷業（紙に対するもの）"
"288","1512","151","オフセット印刷以外の印刷業（紙に対するもの）"
"289","1513","151","紙以外の印刷業"
"290","1521","152","製版業"
"291","1531","153","製本業"
"292","1532","153","印刷物加工業"
"293","1591","159","印刷関連サービス業"
"294","1611","161","窒素質・りん酸質肥料製造業"
"295","1612","161","複合肥料製造業"
"296","1619","161","その他の化学肥料製造業"
"297","1621","162","ソーダ工業"
"298","1622","162","無機顔料製造業"
"299","1623","162","圧縮ガス・液化ガス製造業"
"300","1624","162","塩製造業"
"301","1629","162","その他の無機化学工業製品製造業"
"302","1631","163","石油化学系基礎製品製造業（一貫して生産される誘導品を含む）"
"303","1632","163","脂肪族系中間物製造業（脂肪族系溶剤を含む）"
"304","1633","163","発酵工業"
"305","1634","163","環式中間物・合成染料・有機顔料製造業"
"306","1635","163","プラスチック製造業"
"307","1636","163","合成ゴム製造業"
"308","1639","163","その他の有機化学工業製品製造業"
"309","1641","164","脂肪酸・硬化油・グリセリン製造業"
"310","1642","164","石けん・合成洗剤製造業"
"311","1643","164","界面活性剤製造業（石けん，合成洗剤を除く）"
"312","1644","164","塗料製造業"
"313","1645","164","印刷インキ製造業"
"314","1646","164","洗浄剤・磨用剤製造業"
"315","1647","164","ろうそく製造業"
"316","1651","165","医薬品原薬製造業"
"317","1652","165","医薬品製剤製造業"
"318","1653","165","生物学的製剤製造業"
"319","1654","165","生薬・漢方製剤製造業"
"320","1655","165","動物用医薬品製造業"
"321","1661","166","仕上用・皮膚用化粧品製造業（香水，オーデコロンを含む）"
"322","1662","166","頭髪用化粧品製造業"
"323","1669","166","その他の化粧品・歯磨・化粧用調整品製造業"
"324","1691","169","火薬類製造業"
"325","1692","169","農薬製造業"
"326","1693","169","香料製造業"
"327","1694","169","ゼラチン・接着剤製造業"
"328","1695","169","写真感光材料製造業"
"329","1696","169","天然樹脂製品・木材化学製品製造業"
"330","1697","169","試薬製造業"
"331","1699","169","他に分類されない化学工業製品製造業"
"332","1711","171","石油精製業"
"333","1721","172","潤滑油・グリース製造業（石油精製業によらないもの）"
"334","1731","173","コークス製造業"
"335","1741","174","舗装材料製造業"
"336","1799","179","その他の石油製品・石炭製品製造業"
"337","1811","181","プラスチック板・棒製造業"
"338","1812","181","プラスチック管製造業"
"339","1813","181","プラスチック継手製造業"
"340","1814","181","プラスチック異形押出製品製造業"
"341","1815","181","プラスチック板・棒・管・継手・異形押出製品加工業"
"342","1821","182","プラスチックフィルム製造業"
"343","1822","182","プラスチックシート製造業"
"344","1823","182","プラスチック床材製造業"
"345","1824","182","合成皮革製造業"
"346","1825","182","プラスチックフィルム・シート・床材・合成皮革加工業"
"347","1831","183","電気機械器具用プラスチック製品製造業（加工業を除く）"
"348","1832","183","輸送機械器具用プラスチック製品製造業（加工業を除く）"
"349","1833","183","その他の工業用プラスチック製品製造業（加工業を除く）"
"350","1834","183","工業用プラスチック製品加工業"
"351","1841","184","軟質プラスチック発泡製品製造業（半硬質性を含む）"
"352","1842","184","硬質プラスチック発泡製品製造業"
"353","1843","184","強化プラスチック製板・棒・管・継手製造業"
"354","1844","184","強化プラスチック製容器・浴槽等製造業"
"355","1845","184","発泡・強化プラスチック製品加工業"
"356","1851","185","プラスチック成形材料製造業"
"357","1852","185","廃プラスチック製品製造業"
"358","1891","189","プラスチック製日用雑貨・食卓用品製造業"
"359","1892","189","プラスチック製容器製造業"
"360","1897","189","他に分類されないプラスチック製品製造業"
"361","1898","189","他に分類されないプラスチック製品加工業"
"362","1911","191","自動車タイヤ・チューブ製造業"
"363","1919","191","その他のタイヤ・チューブ製造業"
"364","1921","192","ゴム製履物・同附属品製造業"
"365","1922","192","プラスチック製履物・同附属品製造業"
"366","1931","193","ゴムベルト製造業"
"367","1932","193","ゴムホース製造業"
"368","1933","193","工業用ゴム製品製造業"
"369","1991","199","ゴム引布・同製品製造業"
"370","1992","199","医療・衛生用ゴム製品製造業"
"371","1993","199","ゴム練生地製造業"
"372","1994","199","更生タイヤ製造業"
"373","1995","199","再生ゴム製造業"
"374","1999","199","他に分類されないゴム製品製造業"
"375","2011","201","なめし革製造業"
"376","2021","202","工業用革製品製造業（手袋を除く）"
"377","2031","203","革製履物用材料・同附属品製造業"
"378","2041","204","革製履物製造業"
"379","2051","205","革製手袋製造業"
"380","2061","206","かばん製造業"
"381","2071","207","袋物製造業（ハンドバッグを除く）"
"382","2072","207","ハンドバッグ製造業"
"383","2081","208","毛皮製造業"
"384","2099","209","その他のなめし革製品製造業"
"385","2111","211","板ガラス製造業"
"386","2112","211","板ガラス加工業"
"387","2113","211","ガラス製加工素材製造業"
"388","2114","211","ガラス容器製造業"
"389","2115","211","理化学用・医療用ガラス器具製造業"
"390","2116","211","卓上用・ちゅう房用ガラス器具製造業"
"391","2117","211","ガラス繊維・同製品製造業"
"392","2119","211","その他のガラス・同製品製造業"
"393","2121","212","セメント製造業"
"394","2122","212","生コンクリート製造業"
"395","2123","212","コンクリート製品製造業"
"396","2129","212","その他のセメント製品製造業"
"397","2131","213","粘土かわら製造業"
"398","2132","213","普通れんが製造業"
"399","2139","213","その他の建設用粘土製品製造業"
"400","2141","214","衛生陶器製造業"
"401","2142","214","食卓用・ちゅう房用陶磁器製造業"
"402","2143","214","陶磁器製置物製造業"
"403","2144","214","電気用陶磁器製造業"
"404","2145","214","理化学用・工業用陶磁器製造業"
"405","2146","214","陶磁器製タイル製造業"
"406","2147","214","陶磁器絵付業"
"407","2148","214","陶磁器用はい（坏）土製造業"
"408","2149","214","その他の陶磁器・同関連製品製造業"
"409","2151","215","耐火れんが製造業"
"410","2152","215","不定形耐火物製造業"
"411","2159","215","その他の耐火物製造業"
"412","2161","216","炭素質電極製造業"
"413","2169","216","その他の炭素・黒鉛製品製造業"
"414","2171","217","研磨材製造業"
"415","2172","217","研削と石製造業"
"416","2173","217","研磨布紙製造業"
"417","2179","217","その他の研磨材・同製品製造業"
"418","2181","218","砕石製造業"
"419","2182","218","再生骨材製造業"
"420","2183","218","人工骨材製造業"
"421","2184","218","石工品製造業"
"422","2185","218","けいそう土・同製品製造業"
"423","2186","218","鉱物・土石粉砕等処理業"
"424","2191","219","ロックウール・同製品製造業"
"425","2192","219","石こう（膏）製品製造業"
"426","2193","219","石灰製造業"
"427","2194","219","鋳型製造業（中子を含む）"
"428","2199","219","他に分類されない窯業・土石製品製造業"
"429","2211","221","高炉による製鉄業"
"430","2212","221","高炉によらない製鉄業"
"431","2213","221","フェロアロイ製造業"
"432","2221","222","製鋼・製鋼圧延業"
"433","2231","223","熱間圧延業（鋼管，伸鉄を除く）"
"434","2232","223","冷間圧延業（鋼管，伸鉄を除く）"
"435","2233","223","冷間ロール成型形鋼製造業"
"436","2234","223","鋼管製造業"
"437","2235","223","伸鉄業"
"438","2236","223","磨棒鋼製造業"
"439","2237","223","引抜鋼管製造業"
"440","2238","223","伸線業"
"441","2239","223","その他の製鋼を行わない鋼材製造業（表面処理鋼材を除く)"
"442","2241","224","亜鉛鉄板製造業"
"443","2249","224","その他の表面処理鋼材製造業"
"444","2251","225","銑鉄鋳物製造業（鋳鉄管，可鍛鋳鉄を除く）"
"445","2252","225","可鍛鋳鉄製造業"
"446","2253","225","鋳鋼製造業"
"447","2254","225","鍛工品製造業"
"448","2255","225","鍛鋼製造業"
"449","2291","229","鉄鋼シャースリット業"
"450","2292","229","鉄スクラップ加工処理業"
"451","2293","229","鋳鉄管製造業"
"452","2299","229","他に分類されない鉄鋼業"
"453","2311","231","銅第１次製錬・精製業"
"454","2312","231","亜鉛第１次製錬・精製業"
"455","2319","231","その他の非鉄金属第１次製錬・精製業"
"456","2321","232","鉛第２次製錬・精製業（鉛合金製造業を含む)"
"457","2322","232","アルミニウム第２次製錬・精製業（アルミニウム合金製造業を含む）"
"458","2329","232","その他の非鉄金属第２次製錬・精製業（非鉄金属合金製造業を含む）"
"459","2331","233","伸銅品製造業"
"460","2332","233","アルミニウム・同合金圧延業（抽伸，押出しを含む）"
"461","2339","233","その他の非鉄金属・同合金圧延業（抽伸，押出しを含む）"
"462","2341","234","電線・ケーブル製造業（光ファイバケーブルを除く）"
"463","2342","234","光ファイバケーブル製造業（通信複合ケーブルを含む）"
"464","2351","235","銅・同合金鋳物製造業（ダイカストを除く）"
"465","2352","235","非鉄金属鋳物製造業（銅・同合金鋳物及びダイカストを除く）"
"466","2353","235","アルミニウム・同合金ダイカスト製造業"
"467","2354","235","非鉄金属ダイカスト製造業（アルミニウム・同合金ダイカストを除く）"
"468","2355","235","非鉄金属鍛造品製造業"
"469","2391","239","核燃料製造業"
"470","2399","239","他に分類されない非鉄金属製造業"
"471","2411","241","ブリキ缶・その他のめっき板等製品製造業"
"472","2421","242","洋食器製造業"
"473","2422","242","機械刃物製造業"
"474","2423","242","利器工匠具・手道具製造業（やすり，のこぎり，食卓用刃物を除く）"
"475","2424","242","作業工具製造業"
"476","2425","242","手引のこぎり・のこ刃製造業"
"477","2426","242","農業用器具製造業（農業用機械を除く）"
"478","2429","242","その他の金物類製造業"
"479","2431","243","配管工事用附属品製造業（バルブ，コックを除く）"
"480","2432","243","ガス機器・石油機器製造業"
"481","2433","243","温風・温水暖房装置製造業"
"482","2439","243","その他の暖房・調理装置製造業（電気機械器具，ガス機器，石油機器を除く）"
"483","2441","244","鉄骨製造業"
"484","2442","244","建設用金属製品製造業（鉄骨を除く）"
"485","2443","244","金属製サッシ・ドア製造業"
"486","2444","244","鉄骨系プレハブ住宅製造業"
"487","2445","244","建築用金属製品製造業（サッシ，ドア，建築用金物を除く）"
"488","2446","244","製缶板金業"
"489","2451","245","アルミニウム・同合金プレス製品製造業"
"490","2452","245","金属プレス製品製造業（アルミニウム・同合金を除く）"
"491","2453","245","粉末や金製品製造業"
"492","2461","246","金属製品塗装業"
"493","2462","246","溶融めっき業（表面処理鋼材製造業を除く）"
"494","2463","246","金属彫刻業"
"495","2464","246","電気めっき業（表面処理鋼材製造業を除く）"
"496","2465","246","金属熱処理業"
"497","2469","246","その他の金属表面処理業"
"498","2471","247","くぎ製造業"
"499","2479","247","その他の金属線製品製造業"
"500","2481","248","ボルト・ナット・リベット・小ねじ・木ねじ等製造業"
"501","2491","249","金庫製造業"
"502","2492","249","金属製スプリング製造業"
"503","2499","249","他に分類されない金属製品製造業"
"504","2511","251","ボイラ製造業"
"505","2512","251","蒸気機関・タービン・水力タービン製造業（舶用を除く）"
"506","2513","251","はん用内燃機関製造業"
"507","2519","251","その他の原動機製造業"
"508","2521","252","ポンプ・同装置製造業"
"509","2522","252","空気圧縮機・ガス圧縮機・送風機製造業"
"510","2523","252","油圧・空圧機器製造業"
"511","2531","253","動力伝導装置製造業（玉軸受，ころ軸受を除く）"
"512","2532","253","エレベータ・エスカレータ製造業"
"513","2533","253","物流運搬設備製造業"
"514","2534","253","工業窯炉製造業"
"515","2535","253","冷凍機・温湿調整装置製造業"
"516","2591","259","消火器具・消火装置製造業"
"517","2592","259","弁・同附属品製造業"
"518","2593","259","パイプ加工・パイプ附属品加工業"
"519","2594","259","玉軸受・ころ軸受製造業"
"520","2595","259","ピストンリング製造業"
"521","2596","259","他に分類されないはん用機械・装置製造業"
"522","2599","259","各種機械・同部分品製造修理業（注文製造・修理）"
"523","2611","261","農業用機械製造業（農業用器具を除く）"
"524","2621","262","建設機械・鉱山機械製造業"
"525","2631","263","化学繊維機械・紡績機械製造業"
"526","2632","263","製織機械・編組機械製造業"
"527","2633","263","染色整理仕上機械製造業"
"528","2634","263","繊維機械部分品・取付具・附属品製造業"
"529","2635","263","縫製機械製造業"
"530","2641","264","食品機械・同装置製造業"
"531","2642","264","木材加工機械製造業"
"532","2643","264","パルプ装置・製紙機械製造業"
"533","2644","264","印刷・製本・紙工機械製造業"
"534","2645","264","包装・荷造機械製造業"
"535","2651","265","鋳造装置製造業"
"536","2652","265","化学機械・同装置製造業"
"537","2653","265","プラスチック加工機械・同附属装置製造業"
"538","2661","266","金属工作機械製造業"
"539","2662","266","金属加工機械製造業（金属工作機械を除く）"
"540","2663","266","金属工作機械用・金属加工機械用部分品・附属品製造業（機械工具，金型を除く）"
"541","2664","266","機械工具製造業（粉末や金業を除く）"
"542","2671","267","半導体製造装置製造業"
"543","2672","267","フラットパネルディスプレイ製造装置製造業"
"544","2691","269","金属用金型・同部分品・附属品製造業"
"545","2692","269","非金属用金型・同部分品・附属品製造業"
"546","2693","269","真空装置・真空機器製造業"
"547","2694","269","ロボット製造業"
"548","2699","269","他に分類されない生産用機械・同部分品製造業"
"549","2711","271","複写機製造業"
"550","2719","271","その他の事務用機械器具製造業"
"551","2721","272","サービス用機械器具製造業"
"552","2722","272","娯楽用機械製造業"
"553","2723","272","自動販売機製造業"
"554","2729","272","その他のサービス用・娯楽用機械器具製造業"
"555","2731","273","体積計製造業"
"556","2732","273","はかり製造業"
"557","2733","273","圧力計・流量計・液面計等製造業"
"558","2734","273","精密測定器製造業"
"559","2735","273","分析機器製造業"
"560","2736","273","試験機製造業"
"561","2737","273","測量機械器具製造業"
"562","2738","273","理化学機械器具製造業"
"563","2739","273","その他の計量器・測定器・分析機器・試験機・測量機械器具・理化学機械器具製造業"
"564","2741","274","医療用機械器具製造業"
"565","2742","274","歯科用機械器具製造業"
"566","2743","274","医療用品製造業（動物用医療機械器具を含む）"
"567","2744","274","歯科材料製造業"
"568","2751","275","顕微鏡・望遠鏡等製造業"
"569","2752","275","写真機・映画用機械・同附属品製造業"
"570","2753","275","光学機械用レンズ・プリズム製造業"
"571","2761","276","武器製造業"
"572","2811","281","電子管製造業"
"573","2812","281","光電変換素子製造業"
"574","2813","281","半導体素子製造業（光電変換素子を除く）"
"575","2814","281","集積回路製造業"
"576","2815","281","液晶パネル・フラットパネル製造業"
"577","2821","282","抵抗器・コンデンサ・変成器・複合部品製造業"
"578","2822","282","音響部品・磁気ヘッド・小形モータ製造業"
"579","2823","282","コネクタ・スイッチ・リレー製造業"
"580","2831","283","半導体メモリメディア製造業"
"581","2832","283","光ディスク・磁気ディスク・磁気テープ製造業"
"582","2841","284","電子回路基板製造業"
"583","2842","284","電子回路実装基板製造業"
"584","2851","285","電源ユニット・高周波ユニット・コントロールユニット製造業"
"585","2859","285","その他のユニット部品製造業"
"586","2899","289","その他の電子部品・デバイス・電子回路製造業"
"587","2911","291","発電機・電動機・その他の回転電気機械製造業"
"588","2912","291","変圧器類製造業（電子機器用を除く)"
"589","2913","291","電力開閉装置製造業"
"590","2914","291","配電盤・電力制御装置製造業"
"591","2915","291","配線器具・配線附属品製造業"
"592","2921","292","電気溶接機製造業"
"593","2922","292","内燃機関電装品製造業"
"594","2929","292","その他の産業用電気機械器具製造業（車両用，船舶用を含む）"
"595","2931","293","ちゅう房機器製造業"
"596","2932","293","空調・住宅関連機器製造業"
"597","2933","293","衣料衛生関連機器製造業"
"598","2939","293","その他の民生用電気機械器具製造業"
"599","2941","294","電球製造業"
"600","2942","294","電気照明器具製造業"
"601","2951","295","蓄電池製造業"
"602","2952","295","一次電池（乾電池，湿電池）製造業"
"603","2961","296","Ｘ線装置製造業"
"604","2962","296","医療用電子応用装置製造業"
"605","2969","296","その他の電子応用装置製造業"
"606","2971","297","電気計測器製造業（別掲を除く）"
"607","2972","297","工業計器製造業"
"608","2973","297","医療用計測器製造業"
"609","2999","299","その他の電気機械器具製造業"
"610","3011","301","有線通信機械器具製造業"
"611","3012","301","携帯電話機・ＰＨＳ電話機製造業"
"612","3013","301","無線通信機械器具製造業"
"613","3014","301","ラジオ受信機・テレビジョン受信機製造業"
"614","3015","301","交通信号保安装置製造業"
"615","3019","301","その他の通信機械器具・同関連機械器具製造業"
"616","3021","302","ビデオ機器製造業"
"617","3022","302","デジタルカメラ製造業"
"618","3023","302","電気音響機械器具製造業"
"619","3031","303","電子計算機製造業（パーソナルコンピュータを除く）"
"620","3032","303","パーソナルコンピュータ製造業"
"621","3033","303","外部記憶装置製造業"
"622","3034","303","印刷装置製造業"
"623","3035","303","表示装置製造業"
"624","3039","303","その他の附属装置製造業"
"625","3111","311","自動車製造業（二輪自動車を含む）"
"626","3112","311","自動車車体・附随車製造業"
"627","3113","311","自動車部分品・附属品製造業"
"628","3121","312","鉄道車両製造業"
"629","3122","312","鉄道車両用部分品製造業"
"630","3131","313","船舶製造・修理業"
"631","3132","313","船体ブロック製造業"
"632","3133","313","舟艇製造・修理業"
"633","3134","313","舶用機関製造業"
"634","3141","314","航空機製造業"
"635","3142","314","航空機用原動機製造業"
"636","3149","314","その他の航空機部分品・補助装置製造業"
"637","3151","315","フォークリフトトラック・同部分品・附属品製造業"
"638","3159","315","その他の産業用運搬車両・同部分品・附属品製造業"
"639","3191","319","自転車・同部分品製造業"
"640","3199","319","他に分類されない輸送用機械器具製造業"
"641","3211","321","貴金属・宝石製装身具（ジュエリー）製品製造業"
"642","3212","321","貴金属・宝石製装身具（ジュエリー）附属品・同材料加工業"
"643","3219","321","その他の貴金属製品製造業"
"644","3221","322","装身具・装飾品製造業（貴金属・宝石製を除く）"
"645","3222","322","造花・装飾用羽毛製造業"
"646","3223","322","ボタン製造業"
"647","3224","322","針・ピン・ホック・スナップ・同関連品製造業"
"648","3229","322","その他の装身具・装飾品製造業"
"649","3231","323","時計・同部分品製造業"
"650","3241","324","ピアノ製造業"
"651","3249","324","その他の楽器・楽器部品・同材料製造業"
"652","3251","325","娯楽用具・がん具製造業（人形を除く）"
"653","3252","325","人形製造業"
"654","3253","325","運動用具製造業"
"655","3261","326","万年筆・ペン類・鉛筆製造業"
"656","3262","326","毛筆・絵画用品製造業（鉛筆を除く）"
"657","3269","326","その他の事務用品製造業"
"658","3271","327","漆器製造業"
"659","3281","328","麦わら・パナマ類帽子・わら工品製造業"
"660","3282","328","畳製造業"
"661","3283","328","うちわ・扇子・ちょうちん製造業"
"662","3284","328","ほうき・ブラシ製造業"
"663","3285","328","喫煙用具製造業（貴金属・宝石製を除く）"
"664","3289","328","その他の生活雑貨製品製造業"
"665","3291","329","煙火製造業"
"666","3292","329","看板・標識機製造業"
"667","3293","329","パレット製造業"
"668","3294","329","モデル・模型製造業"
"669","3295","329","工業用模型製造業"
"670","3296","329","情報記録物製造業（新聞，書籍等の印刷物を除く）"
"671","3297","329","眼鏡製造業（枠を含む）"
"672","3299","329","他に分類されないその他の製造業"
"673","3311","331","発電所"
"674","3312","331","変電所"
"675","3319","331","その他の電気事業所（管理事務）"
"676","3411","341","ガス製造工場"
"677","3412","341","ガス供給所"
"678","3419","341","その他のガス事業所（管理事務）"
"679","3511","351","熱供給業"
"680","3611","361","上水道業"
"681","3621","362","工業用水道業"
"682","3631","363","下水道処理施設維持管理業"
"683","3632","363","下水道管路施設維持管理業"
"684","3639","363","その他の下水道事業所（管理事務）"
"685","3711","371","地域電気通信業（有線放送電話業を除く）"
"686","3712","371","長距離電気通信業"
"687","3713","371","有線放送電話業"
"688","3719","371","その他の固定電気通信業"
"689","3721","372","移動電気通信業"
"690","3731","373","電気通信に附帯するサービス業"
"691","3811","381","公共放送業（有線放送業を除く）"
"692","3821","382","テレビジョン放送業（衛星放送業を除く）"
"693","3822","382","ラジオ放送業（衛星放送業を除く）"
"694","3823","382","衛星放送業"
"695","3829","382","その他の民間放送業"
"696","3831","383","有線テレビジョン放送業"
"697","3832","383","有線ラジオ放送業"
"698","3911","391","受託開発ソフトウェア業"
"699","3912","391","組込みソフトウェア業"
"700","3913","391","パッケージソフトウェア業"
"701","3914","391","ゲームソフトウェア業"
"702","3921","392","情報処理サービス業"
"703","3922","392","情報提供サービス業"
"704","3929","392","その他の情報処理・提供サービス業"
"705","4011","401","ポータルサイト・サーバ運営業"
"706","4012","401","アプリケーション・サービス・コンテンツ・プロバイダ"
"707","4013","401","インターネット利用サポート業"
"708","4111","411","映画・ビデオ制作業（テレビジョン番組制作業，アニメーション制作業を除く）"
"709","4112","411","テレビジョン番組制作業（アニメーション制作業を除く）"
"710","4113","411","アニメーション制作業"
"711","4114","411","映画・ビデオ・テレビジョン番組配給業"
"712","4121","412","レコード制作業"
"713","4122","412","ラジオ番組制作業"
"714","4131","413","新聞業"
"715","4141","414","出版業"
"716","4151","415","広告制作業"
"717","4161","416","ニュース供給業"
"718","4169","416","その他の映像・音声・文字情報制作に附帯するサービス業"
"719","4211","421","普通鉄道業"
"720","4212","421","軌道業"
"721","4213","421","地下鉄道業"
"722","4214","421","モノレール鉄道業（地下鉄道業を除く）"
"723","4215","421","案内軌条式鉄道業（地下鉄道業を除く）"
"724","4216","421","鋼索鉄道業"
"725","4217","421","索道業"
"726","4219","421","その他の鉄道業"
"727","4311","431","一般乗合旅客自動車運送業"
"728","4321","432","一般乗用旅客自動車運送業"
"729","4331","433"," 一般貸切旅客自動車運送業"
"730","4391","439","特定旅客自動車運送業"
"731","4399","439","他に分類されない道路旅客運送業"
"732","4411","441","一般貨物自動車運送業（特別積合せ貨物運送業を除く）"
"733","4412","441","特別積合せ貨物運送業"
"734","4421","442","特定貨物自動車運送業"
"735","4431","443","貨物軽自動車運送業"
"736","4441","444","集配利用運送業"
"737","4499","449","その他の道路貨物運送業"
"738","4511","451","外航旅客海運業"
"739","4512","451","外航貨物海運業"
"740","4521","452","沿海旅客海運業"
"741","4522","452","沿海貨物海運業"
"742","4531","453","港湾旅客海運業"
"743","4532","453","河川水運業"
"744","4533","453","湖沼水運業"
"745","4541","454","船舶貸渡業（内航船舶貸渡業を除く）"
"746","4542","454","内航船舶貸渡業"
"747","4611","461","航空運送業"
"748","4621","462","航空機使用業（航空運送業を除く）"
"749","4711","471","倉庫業（冷蔵倉庫業を除く）"
"750","4721","472","冷蔵倉庫業"
"751","4811","481","港湾運送業"
"752","4821","482","利用運送業（集配利用運送業を除く）"
"753","4822","482","運送取次業"
"754","4831","483","運送代理店"
"755","4841","484","こん包業（組立こん包業を除く）"
"756","4842","484","組立こん包業"
"757","4851","485","鉄道施設提供業"
"758","4852","485","道路運送固定施設業"
"759","4853","485","自動車ターミナル業"
"760","4854","485","貨物荷扱固定施設業"
"761","4855","485","桟橋泊きょ業"
"762","4856","485","飛行場業"
"763","4891","489","海運仲立業"
"764","4899","489","他に分類されない運輸に附帯するサービス業"
"765","4911","491","郵便業（信書便事業を含む）"
"766","5011","501","各種商品卸売業（従業者が常時100人以上のもの）"
"767","5019","501","その他の各種商品卸売業"
"768","5111","511","繊維原料卸売業"
"769","5112","511","糸卸売業"
"770","5113","511","織物卸売業（室内装飾繊維品を除く）"
"771","5121","512","男子服卸売業"
"772","5122","512","婦人・子供服卸売業"
"773","5123","512","下着類卸売業"
"774","5129","512","その他の衣服卸売業"
"775","5131","513","寝具類卸売業"
"776","5132","513","靴・履物卸売業"
"777","5133","513","かばん・袋物卸売業"
"778","5139","513","その他の身の回り品卸売業"
"779","5211","521","米麦卸売業"
"780","5212","521","雑穀・豆類卸売業"
"781","5213","521","野菜卸売業"
"782","5214","521","果実卸売業"
"783","5215","521","食肉卸売業"
"784","5216","521","生鮮魚介卸売業"
"785","5219","521","その他の農畜産物・水産物卸売業"
"786","5221","522","砂糖・味そ・しょう油卸売業"
"787","5222","522","酒類卸売業"
"788","5223","522","乾物卸売業"
"789","5224","522","菓子・パン類卸売業"
"790","5225","522","飲料卸売業（別掲を除く）"
"791","5226","522","茶類卸売業"
"792","5227","522","牛乳・乳製品卸売業"
"793","5229","522","その他の食料・飲料卸売業"
"794","5311","531","木材・竹材卸売業"
"795","5312","531","セメント卸売業"
"796","5313","531","板ガラス卸売業"
"797","5314","531","建築用金属製品卸売業（建築用金物を除く）"
"798","5319","531","その他の建築材料卸売業"
"799","5321","532","塗料卸売業"
"800","5322","532","プラスチック卸売業"
"801","5329","532","その他の化学製品卸売業"
"802","5331","533","石油卸売業"
"803","5332","533","鉱物卸売業（石油を除く）"
"804","5341","534","鉄鋼粗製品卸売業"
"805","5342","534","鉄鋼一次製品卸売業"
"806","5349","534","その他の鉄鋼製品卸売業"
"807","5351","535","非鉄金属地金卸売業"
"808","5352","535","非鉄金属製品卸売業"
"809","5361","536","空瓶・空缶等空容器卸売業"
"810","5362","536","鉄スクラップ卸売業"
"811","5363","536","非鉄金属スクラップ卸売業"
"812","5364","536","古紙卸売業"
"813","5369","536","その他の再生資源卸売業"
"814","5411","541","農業用機械器具卸売業"
"815","5412","541","建設機械・鉱山機械卸売業"
"816","5413","541","金属加工機械卸売業"
"817","5414","541","事務用機械器具卸売業"
"818","5419","541","その他の産業機械器具卸売業"
"819","5421","542","自動車卸売業（二輪自動車を含む）"
"820","5422","542","自動車部分品・附属品卸売業（中古品を除く）"
"821","5423","542","自動車中古部品卸売業"
"822","5431","543","家庭用電気機械器具卸売業"
"823","5432","543","電気機械器具卸売業（家庭用電気機械器具を除く）"
"824","5491","549","輸送用機械器具卸売業（自動車を除く）"
"825","5492","549","計量器・理化学機械器具・光学機械器具等卸売業"
"826","5493","549","医療用機械器具卸売業（歯科用機械器具を含む）"
"827","5511","551","家具・建具卸売業"
"828","5512","551","荒物卸売業"
"829","5513","551","畳卸売業"
"830","5514","551","室内装飾繊維品卸売業"
"831","5515","551","陶磁器・ガラス器卸売業"
"832","5519","551","その他のじゅう器卸売業"
"833","5521","552","医薬品卸売業"
"834","5522","552","医療用品卸売業"
"835","5523","552","化粧品卸売業"
"836","5524","552","合成洗剤卸売業"
"837","5531","553","紙卸売業"
"838","5532","553","紙製品卸売業"
"839","5591","559","金物卸売業"
"840","5592","559","肥料・飼料卸売業"
"841","5593","559","スポーツ用品卸売業"
"842","5594","559","娯楽用品・がん具卸売業"
"843","5595","559","たばこ卸売業"
"844","5596","559","ジュエリー製品卸売業"
"845","5597","559","書籍・雑誌卸売業"
"846","5598","559","代理商，仲立業"
"847","5599","559","他に分類されないその他の卸売業"
"848","5611","561","百貨店，総合スーパー"
"849","5699","569","その他の各種商品小売業（従業者が常時50人未満のもの）"
"850","5711","571","呉服・服地小売業"
"851","5712","571","寝具小売業"
"852","5721","572","男子服小売業"
"853","5731","573","婦人服小売業"
"854","5732","573","子供服小売業"
"855","5741","574","靴小売業"
"856","5742","574","履物小売業（靴を除く）"
"857","5791","579","かばん・袋物小売業"
"858","5792","579","下着類小売業"
"859","5793","579","洋品雑貨・小間物小売業"
"860","5799","579","他に分類されない織物・衣服・身の回り品小売業"
"861","5811","581","各種食料品小売業"
"862","5821","582","野菜小売業"
"863","5822","582","果実小売業"
"864","5831","583","食肉小売業（卵，鳥肉を除く）"
"865","5832","583","卵・鳥肉小売業"
"866","5841","584","鮮魚小売業"
"867","5851","585","酒小売業"
"868","5861","586","菓子小売業（製造小売）"
"869","5862","586","菓子小売業（製造小売でないもの）"
"870","5863","586","パン小売業（製造小売）"
"871","5864","586","パン小売業（製造小売でないもの）"
"872","5891","589","コンビニエンスストア（飲食料品を中心とするものに限る）"
"873","5892","589","牛乳小売業"
"874","5893","589","飲料小売業（別掲を除く）"
"875","5894","589","茶類小売業"
"876","5895","589","料理品小売業"
"877","5896","589","米穀類小売業"
"878","5897","589","豆腐・かまぼこ等加工食品小売業"
"879","5898","589","乾物小売業"
"880","5899","589","他に分類されない飲食料品小売業"
"881","5911","591","自動車（新車）小売業"
"882","5912","591","中古自動車小売業"
"883","5913","591","自動車部分品・附属品小売業"
"884","5914","591","二輪自動車小売業（原動機付自転車を含む）"
"885","5921","592","自転車小売業"
"886","5931","593","電気機械器具小売業（中古品を除く）"
"887","5932","593","電気事務機械器具小売業（中古品を除く）"
"888","5933","593","中古電気製品小売業"
"889","5939","593","その他の機械器具小売業"
"890","6011","601","家具小売業"
"891","6012","601","建具小売業"
"892","6013","601","畳小売業"
"893","6014","601","宗教用具小売業"
"894","6021","602","金物小売業"
"895","6022","602","荒物小売業"
"896","6023","602","陶磁器・ガラス器小売業"
"897","6029","602","他に分類されないじゅう器小売業"
"898","6031","603","ドラッグストア"
"899","6032","603","医薬品小売業（調剤薬局を除く）"
"900","6033","603","調剤薬局"
"901","6034","603","化粧品小売業"
"902","6041","604","農業用機械器具小売業"
"903","6042","604","苗・種子小売業"
"904","6043","604","肥料・飼料小売業"
"905","6051","605","ガソリンスタンド"
"906","6052","605","燃料小売業（ガソリンスタンドを除く）"
"907","6061","606","書籍・雑誌小売業（古本を除く）"
"908","6062","606","古本小売業"
"909","6063","606","新聞小売業"
"910","6064","606","紙・文房具小売業"
"911","6071","607","スポーツ用品小売業"
"912","6072","607","がん具・娯楽用品小売業"
"913","6073","607","楽器小売業"
"914","6081","608","写真機・写真材料小売業"
"915","6082","608","時計・眼鏡・光学機械小売業"
"916","6091","609","ホームセンター"
"917","6092","609","たばこ・喫煙具専門小売業"
"918","6093","609","花・植木小売業"
"919","6094","609","建築材料小売業"
"920","6095","609","ジュエリー製品小売業"
"921","6096","609","ペット・ペット用品小売業"
"922","6097","609","骨とう品小売業"
"923","6098","609","中古品小売業（骨とう品を除く）"
"924","6099","609","他に分類されないその他の小売業"
"925","6111","611","無店舗小売業（各種商品小売）"
"926","6112","611","無店舗小売業（織物・衣服・身の回り品小売）"
"927","6113","611","無店舗小売業（飲食料品小売）"
"928","6114","611","無店舗小売業（機械器具小売）"
"929","6119","611","無店舗小売業（その他の小売）"
"930","6121","612","自動販売機による小売業"
"931","6199","619","その他の無店舗小売業"
"932","6211","621","中央銀行"
"933","6221","622","普通銀行"
"934","6222","622","郵便貯金銀行"
"935","6223","622","信託銀行"
"936","6229","622","その他の銀行"
"937","6311","631","信用金庫・同連合会"
"938","6312","631","信用協同組合・同連合会"
"939","6313","631","商工組合中央金庫"
"940","6314","631","労働金庫・同連合会"
"941","6321","632","農林中央金庫"
"942","6322","632","信用農業協同組合連合会"
"943","6323","632","信用漁業協同組合連合会，信用水産加工業協同組合連合会"
"944","6324","632","農業協同組合"
"945","6325","632","漁業協同組合，水産加工業協同組合"
"946","6411","641","消費者向け貸金業"
"947","6412","641","事業者向け貸金業"
"948","6421","642","質屋"
"949","6431","643","クレジットカード業"
"950","6432","643","割賦金融業"
"951","6491","649","政府関係金融機関"
"952","6492","649","住宅専門金融業"
"953","6493","649","証券金融業"
"954","6499","649","他に分類されない非預金信用機関"
"955","6511","651","金融商品取引業（投資助言・代理・運用業，補助的金融商品取引業を除く）"
"956","6512","651","投資助言・代理業"
"957","6513","651","投資運用業"
"958","6514","651","補助的金融商品取引業"
"959","6521","652","国内市場商品先物取引業"
"960","6522","652","商品投資業"
"961","6529","652","その他の商品先物取引業，商品投資業"
"962","6611","661","短資業"
"963","6612","661","手形交換所"
"964","6613","661","両替業"
"965","6614","661","信用保証機関"
"966","6615","661","信用保証再保険機関"
"967","6616","661","預・貯金等保険機関"
"968","6617","661","金融商品取引所"
"969","6618","661","商品取引所"
"970","6619","661","その他の補助的金融業，金融附帯業"
"971","6621","662","運用型信託業"
"972","6622","662","管理型信託業"
"973","6631","663","金融商品仲介業"
"974","6632","663","信託契約代理業"
"975","6639","663","その他の金融代理業"
"976","6711","671","生命保険業（郵便保険業，生命保険再保険業を除く）"
"977","6712","671","郵便保険業"
"978","6713","671","生命保険再保険業"
"979","6719","671","その他の生命保険業"
"980","6721","672","損害保険業（損害保険再保険業を除く）"
"981","6722","672","損害保険再保険業"
"982","6729","672","その他の損害保険業"
"983","6731","673","共済事業（各種災害補償法によるもの）"
"984","6732","673","共済事業（各種協同組合法等によるもの）"
"985","6733","673","少額短期保険業"
"986","6741","674","生命保険媒介業"
"987","6742","674","損害保険代理業"
"988","6743","674","共済事業媒介代理業・少額短期保険代理業"
"989","6751","675","保険料率算出団体"
"990","6752","675","損害査定業"
"991","6759","675","その他の保険サービス業"
"992","6811","681","建物売買業"
"993","6812","681","土地売買業"
"994","6821","682","不動産代理業・仲介業"
"995","6911","691","貸事務所業"
"996","6912","691","土地賃貸業"
"997","6919","691","その他の不動産賃貸業"
"998","6921","692","貸家業"
"999","6922","692","貸間業"
"1000","6931","693","駐車場業"
"1001","6941","694","不動産管理業"
"1002","7011","701","総合リース業"
"1003","7019","701","その他の各種物品賃貸業"
"1004","7021","702","産業用機械器具賃貸業（建設機械器具を除く）"
"1005","7022","702","建設機械器具賃貸業"
"1006","7031","703","事務用機械器具賃貸業（電子計算機を除く）"
"1007","7032","703","電子計算機・同関連機器賃貸業"
"1008","7041","704","自動車賃貸業"
"1009","7051","705","スポーツ・娯楽用品賃貸業"
"1010","7091","709","映画・演劇用品賃貸業"
"1011","7092","709","音楽・映像記録物賃貸業（別掲を除く）"
"1012","7093","709","貸衣しょう業（別掲を除く）"
"1013","7099","709","他に分類されない物品賃貸業"
"1014","7111","711","理学研究所"
"1015","7112","711","工学研究所"
"1016","7113","711","農学研究所"
"1017","7114","711","医学・薬学研究所"
"1018","7121","712","人文・社会科学研究所"
"1019","7211","721","法律事務所"
"1020","7212","721","特許事務所"
"1021","7221","722","公証人役場，司法書士事務所"
"1022","7222","722","土地家屋調査士事務所"
"1023","7231","723","行政書士事務所"
"1024","7241","724","公認会計士事務所"
"1025","7242","724","税理士事務所"
"1026","7251","725","社会保険労務士事務所"
"1027","7261","726","デザイン業"
"1028","7271","727","著述家業"
"1029","7272","727","芸術家業"
"1030","7281","728","経営コンサルタント業"
"1031","7282","728","純粋持株会社"
"1032","7291","729","興信所"
"1033","7292","729","翻訳業（著述家業を除く）"
"1034","7293","729","通訳業，通訳案内業"
"1035","7294","729","不動産鑑定業"
"1036","7299","729","他に分類されない専門サービス業"
"1037","7311","731","広告業"
"1038","7411","741","獣医業"
"1039","7421","742","建築設計業"
"1040","7422","742","測量業"
"1041","7429","742","その他の土木建築サービス業"
"1042","7431","743","機械設計業"
"1043","7441","744","商品検査業"
"1044","7442","744","非破壊検査業"
"1045","7451","745","一般計量証明業"
"1046","7452","745","環境計量証明業"
"1047","7459","745","その他の計量証明業"
"1048","7461","746","写真業（商業写真業を除く）"
"1049","7462","746","商業写真業"
"1050","7499","749","その他の技術サービス業"
"1051","7511","751","旅館，ホテル"
"1052","7521","752","簡易宿所"
"1053","7531","753","下宿業"
"1054","7591","759","会社・団体の宿泊所"
"1055","7592","759","リゾートクラブ"
"1056","7599","759","他に分類されない宿泊業"
"1057","7611","761","食堂，レストラン（専門料理店を除く）"
"1058","7621","762","日本料理店"
"1059","7622","762","料亭"
"1060","7623","762","中華料理店"
"1061","7624","762","ラーメン店"
"1062","7625","762","焼肉店"
"1063","7629","762","その他の専門料理店"
"1064","7631","763","そば・うどん店"
"1065","7641","764","すし店"
"1066","7651","765","酒場，ビヤホール"
"1067","7661","766","バー，キャバレー，ナイトクラブ"
"1068","7671","767","喫茶店"
"1069","7691","769","ハンバーガー店"
"1070","7692","769","お好み焼き・焼きそば・たこ焼店"
"1071","7699","769","他に分類されないその他の飲食店"
"1072","7711","771","持ち帰り飲食サービス業"
"1073","7721","772","配達飲食サービス業"
"1074","7811","781","普通洗濯業"
"1075","7812","781","洗濯物取次業"
"1076","7813","781","リネンサプライ業"
"1077","7821","782","理容業"
"1078","7831","783","美容業"
"1079","7841","784","一般公衆浴場業"
"1080","7851","785","その他の公衆浴場業"
"1081","7891","789","洗張・染物業"
"1082","7892","789","エステティック業"
"1083","7899","789","他に分類されない洗濯・理容・美容・浴場業"
"1084","7911","791","旅行業(旅行業者代理業を除く)"
"1085","7912","791","旅行業者代理業"
"1086","7921","792","家事サービス業（住込みのもの）"
"1087","7922","792","家事サービス業（住込みでないもの）"
"1088","7931","793","衣服裁縫修理業"
"1089","7941","794","物品預り業"
"1090","7951","795","火葬業"
"1091","7952","795","墓地管理業"
"1092","7961","796","葬儀業"
"1093","7962","796","結婚式場業"
"1094","7963","796","冠婚葬祭互助会"
"1095","7991","799","食品賃加工業"
"1096","7992","799","結婚相談業，結婚式場紹介業"
"1097","7993","799","写真現像・焼付業"
"1098","7999","799","他に分類されないその他の生活関連サービス業"
"1099","8011","801","映画館"
"1100","8021","802","劇場"
"1101","8022","802","興行場"
"1102","8023","802","劇団"
"1103","8024","802","楽団，舞踏団"
"1104","8025","802","演芸・スポーツ等興行団"
"1105","8031","803","競輪場"
"1106","8032","803","競馬場"
"1107","8033","803","自動車・モータボートの競走場"
"1108","8034","803","競輪競技団"
"1109","8035","803","競馬競技団"
"1110","8036","803","自動車・モータボートの競技団"
"1111","8041","804","スポーツ施設提供業（別掲を除く）"
"1112","8042","804","体育館"
"1113","8043","804","ゴルフ場"
"1114","8044","804","ゴルフ練習場"
"1115","8045","804","ボウリング場"
"1116","8046","804","テニス場"
"1117","8047","804","バッティング・テニス練習場"
"1118","8048","804","フィットネスクラブ"
"1119","8051","805","公園"
"1120","8052","805","遊園地（テーマパークを除く）"
"1121","8053","805","テーマパーク"
"1122","8061","806","ビリヤード場"
"1123","8062","806","囲碁・将棋所"
"1124","8063","806","マージャンクラブ"
"1125","8064","806","パチンコホール"
"1126","8065","806","ゲームセンター"
"1127","8069","806","その他の遊戯場"
"1128","8091","809","ダンスホール"
"1129","8092","809","マリーナ業"
"1130","8093","809","遊漁船業"
"1131","8094","809","芸ぎ業"
"1132","8095","809","カラオケボックス業"
"1133","8096","809","娯楽に附帯するサービス業"
"1134","8099","809","他に分類されない娯楽業"
"1135","8111","811","幼稚園"
"1136","8121","812","小学校"
"1137","8131","813","中学校"
"1138","8141","814","高等学校"
"1139","8142","814","中等教育学校"
"1140","8151","815","特別支援学校"
"1141","8161","816","大学"
"1142","8162","816","短期大学"
"1143","8163","816","高等専門学校"
"1144","8171","817","専修学校"
"1145","8172","817","各種学校"
"1146","8181","818","学校教育支援機関"
"1147","8211","821","公民館"
"1148","8212","821","図書館"
"1149","8213","821","博物館，美術館"
"1150","8214","821","動物園，植物園，水族館"
"1151","8215","821","青少年教育施設"
"1152","8216","821","社会通信教育"
"1153","8219","821","その他の社会教育"
"1154","8221","822","職員教育施設・支援業"
"1155","8222","822","職業訓練施設"
"1156","8229","822","その他の職業・教育支援施設"
"1157","8231","823","学習塾"
"1158","8241","824","音楽教授業"
"1159","8242","824","書道教授業"
"1160","8243","824","生花・茶道教授業"
"1161","8244","824","そろばん教授業"
"1162","8245","824","外国語会話教授業"
"1163","8246","824","スポーツ・健康教授業"
"1164","8249","824","その他の教養・技能教授業"
"1165","8299","829","他に分類されない教育，学習支援業"
"1166","8311","831","一般病院"
"1167","8312","831","精神科病院"
"1168","8321","832","有床診療所"
"1169","8322","832","無床診療所"
"1170","8331","833","歯科診療所"
"1171","8341","834","助産所"
"1172","8342","834","看護業"
"1173","8351","835","あん摩ﾏｯｻｰｼﾞ指圧師・はり師・きゅう師・柔道整復師の施術所"
"1174","8359","835","その他の療術業"
"1175","8361","836","歯科技工所"
"1176","8369","836","その他の医療に附帯するサービス業"
"1177","8411","841","保健所"
"1178","8421","842","結核健康相談施設"
"1179","8422","842","精神保健相談施設"
"1180","8423","842","母子健康相談施設"
"1181","8429","842","その他の健康相談施設"
"1182","8491","849","検疫所（動物検疫所，植物防疫所を除く）"
"1183","8492","849","検査業"
"1184","8493","849","消毒業"
"1185","8499","849","他に分類されない保健衛生"
"1186","8511","851","社会保険事業団体"
"1187","8521","852","福祉事務所"
"1188","8531","853","保育所"
"1189","8539","853","その他の児童福祉事業"
"1190","8541","854","特別養護老人ホーム"
"1191","8542","854","介護老人保健施設"
"1192","8543","854","通所・短期入所介護事業"
"1193","8544","854","訪問介護事業"
"1194","8545","854","認知症老人グループホーム"
"1195","8546","854","有料老人ホーム"
"1196","8549","854","その他の老人福祉・介護事業"
"1197","8551","855","居住支援事業"
"1198","8559","855","その他の障害者福祉事業"
"1199","8591","859","更生保護事業"
"1200","8599","859","他に分類されない社会保険・社会福祉・介護事業"
"1201","8611","861","郵便局"
"1202","8621","862","簡易郵便局"
"1203","8629","862","その他の郵便局受託業"
"1204","8711","871","農業協同組合（他に分類されないもの）"
"1205","8712","871","漁業協同組合（他に分類されないもの）"
"1206","8713","871","水産加工業協同組合（他に分類されないもの）"
"1207","8714","871","森林組合（他に分類されないもの）"
"1208","8721","872","事業協同組合（他に分類されないもの）"
"1209","8811","881","し尿収集運搬業"
"1210","8812","881","し尿処分業"
"1211","8813","881","浄化槽清掃業"
"1212","8814","881","浄化槽保守点検業"
"1213","8815","881","ごみ収集運搬業"
"1214","8816","881","ごみ処分業"
"1215","8817","881","清掃事務所"
"1216","8821","882","産業廃棄物収集運搬業"
"1217","8822","882","産業廃棄物処分業"
"1218","8823","882","特別管理産業廃棄物収集運搬業"
"1219","8824","882","特別管理産業廃棄物処分業"
"1220","8891","889","死亡獣畜取扱業"
"1221","8899","889","他に分類されない廃棄物処理業"
"1222","8911","891","自動車一般整備業"
"1223","8919","891","その他の自動車整備業"
"1224","9011","901","一般機械修理業（建設・鉱山機械を除く）"
"1225","9012","901","建設・鉱山機械整備業"
"1226","9021","902","電気機械器具修理業"
"1227","9031","903","表具業"
"1228","9091","909","家具修理業"
"1229","9092","909","時計修理業"
"1230","9093","909","履物修理業"
"1231","9094","909","かじ業"
"1232","9099","909","他に分類されない修理業"
"1233","9111","911","職業紹介業"
"1234","9121","912","労働者派遣業"
"1235","9211","921","速記・ワープロ入力業"
"1236","9212","921","複写業"
"1237","9221","922","ビルメンテナンス業"
"1238","9229","922","その他の建物サービス業"
"1239","9231","923","警備業"
"1240","9291","929","ディスプレイ業"
"1241","9292","929","産業用設備洗浄業"
"1242","9293","929","看板書き業"
"1243","9299","929","他に分類されないその他の事業サービス業"
"1244","9311","931","実業団体"
"1245","9312","931","同業団体"
"1246","9321","932","労働団体"
"1247","9331","933","学術団体"
"1248","9332","933","文化団体"
"1249","9341","934","政治団体"
"1250","9399","939","他に分類されない非営利的団体"
"1251","9411","941","神社，神道教会"
"1252","9412","941","教派事務所"
"1253","9421","942","寺院，仏教教会"
"1254","9422","942","宗派事務所"
"1255","9431","943","キリスト教教会，修道院"
"1256","9432","943","教団事務所"
"1257","9491","949","その他の宗教の教会"
"1258","9499","949","その他の宗教の教団事務所"
"1259","9511","951","集会場"
"1260","9521","952","と畜場"
"1261","9599","959","他に分類されないサービス業"
"1262","9611","961","外国公館"
"1263","9699","969","その他の外国公務"
"1264","9711","971","立法機関"
"1265","9721","972","司法機関"
"1266","9731","973","行政機関"
"1267","9811","981","都道府県機関"
"1268","9821","982","市町村機関"
"1269","9999","999","分類不能の産業"